"211627629","Purple Safi Kaftan","4900.0000"
"211627628","Multi-coloured Gilet Abaya","4900.0000"
"211627627","Black Classic Kaftan","4900.0000"
"211627626","Black Gilet Abaya","4900.0000"
"211627625","Multi-coloured Open-front Classic Abaya","4900.0000"
"211627624","Multi-coloured Classic Kaftan","4900.0000"
"211624698","Black Embroidered Tulle Ball Gown","9600.0000"
"211622474","White Ruffled Pandora Top","1700.0000"
"211622456","Floral Printed Silk Areadne Dress","3000.0000"
"211622440","Blue Printed Lorena Blouse","2000.0000"
"211622434","Navy Gingham Apolonia Off-The-Shoulder Top","1850.0000"
"211622433","Red Gabriella Bustier Top","1700.0000"
"211622325","Black Printed Dress","1450.0000"
"211622324","White Logo-T-Shirt"," 450.0000"
"211622323","White Logo-T-Shirt"," 450.0000"
"211622322","Black Crepe Pants","1200.0000"
"211622321","Black Logo Cashmere Sweater","1600.0000"
"211622320","Black Crepe Pants","1200.0000"
"211622319","Black Printed Dress","1450.0000"
"211622318","Black Crepe Pants","1200.0000"
"211622299","Pink Lachlan Top","1350.0000"
"211622298","Black Javi Top","1350.0000"
"211622297","White Rylance Pants","2300.0000"
"211622296","Black Lace Cairo Top","1450.0000"
"211622295","White Rylance Pants","2300.0000"
"211622294","Black Lace Cairo Top","1450.0000"
"211622293","White Rylance Pants","2300.0000"
"211622291","Black Javi Top","1350.0000"
"211622290","Black Lace Cairo Top","1450.0000"
"211622289","Black Lace Azizi Pants","1750.0000"
"211622287","Black Lace Cairo Top","1450.0000"
"211622286","Black Javi Top","1350.0000"
"211622285","Black Javi Top","1350.0000"
"211622283","Pink Lachlan Top","1350.0000"
"211622282","Pink Lachlan Top","1350.0000"
"211622281","Black Javi Top","1350.0000"
"211622280","Black Lace Azizi Pants","1750.0000"
"211622279","White Rylance Pants","2300.0000"
"211622278","Black Lace Azizi Pants","1750.0000"
"211622277","Black Lace Azizi Pants","1750.0000"
"211622276","White Rylance Pants","2300.0000"
"211622275","Black Lace Cairo Top","1450.0000"
"211622274","Black Lace Azizi Pants","1750.0000"
"211622272","Pink Lachlan Top","1350.0000"
"211622271","Pink Lachlan Top","1350.0000"
"211622044","Emerald-Green & White Striped Shirt","2200.0000"
"211622043","Pink Ruffle Midi Dress","7250.0000"
"211622042","Multi-Coloured Lace Midi Skirt","3350.0000"
"211622039","Pink Floral-Print Ruffle Maxi Dress","6200.0000"
"211622036","Black Lace Pants","3050.0000"
"211622027","Black Logo T-Shirt","1350.0000"
"211622018","Navy & Black Floral-Embroidered Bomber Jacket","4200.0000"
"211622017","Black Crepe Pants","1200.0000"
"211622016","White Logo-T-Shirt"," 450.0000"
"211622015","White Logo-T-Shirt"," 450.0000"
"211622014","Black Printed Dress","1450.0000"
"211622013","Black Printed Dress","1450.0000"
"211622012","Black Crepe Pants","1200.0000"
"211622007","Navy Joelle Gown","4750.0000"
"211622005","Green Ivy Gown","3500.0000"
"211622002","Red Kadence Gown","4450.0000"
"211621997","Blue Printed Halter Dress","4600.0000"
"211621996","Pink Guipure-Lace Tiered Dress","6300.0000"
"211621978","Black Corset Dress","13900.0000"
"211621977","White Cold-Shoulder Blouse","4750.0000"
"211621976","Black Corset Dress","13900.0000"
"211621975","Black Polka-Dot Pants","5550.0000"
"211621974","Black Polka-Dot Cold-Shoulder Dress","9900.0000"
"211621973","Black Polka-Dot Cold-Shoulder Blouse","4350.0000"
"211621972","White Polka-Dot Cold-Shoulder Blouse","4350.0000"
"211621971","Black Polka-Dot Cold-Shoulder Blouse","4350.0000"
"211621970","Navy Pinstriped Cropped Pants","3400.0000"
"211621968","Monochrome Spots & Stripes Pants","5950.0000"
"211621966","Monochrome Spots & Stripes Pants","5950.0000"
"211621965","Black Corset Dress","13900.0000"
"211621964","Black Polka-Dot Cold-Shoulder Dress","9900.0000"
"211621963","Navy Pinstriped Cropped Pants","3400.0000"
"211621962","White Polka-Dot Cold-Shoulder Blouse","4350.0000"
"211621961","Black Polka-Dot Cold-Shoulder Blouse","4350.0000"
"211621959","Monochrome Spots & Stripes Oversized Blouse","7950.0000"
"211621957","Black Polka-Dot Pants","5550.0000"
"211621956","Black Corset Dress","13900.0000"
"211621955","Black Polka-Dot Pants","5550.0000"
"211621516","Dark-Grey Floral-Embroidered Pants","2250.0000"
"211621505","Black Velvet Knit Top","1650.0000"
"211621502","Emerald-Green Ruffle Dress","4050.0000"
"211621497","Pink Floral-Print Ruffle Blouse","3100.0000"
"211621495","Camel Wide-Leg Pants","1850.0000"
"211620064","White Kadin Shirt"," 600.0000"
"211620063","White Colette Crop Flare Jeans"," 750.0000"
"211620062","Kingston Lori Crop Wide-Leg Jeans"," 900.0000"
"211620061","White Kadin Shirt"," 600.0000"
"211620060","White Colette Crop Flare Jeans"," 750.0000"
"211620059","Beachwood Jacqueline Straight Jeans"," 925.0000"
"211620058","Lexington Destructed Hoxton Ankle Peg Jeans"," 925.0000"
"211620057","White Polly Blouse"," 750.0000"
"211620056","Kingston Lori Crop Wide-Leg Jeans"," 900.0000"
"211620055","White Colette Crop Flare Jeans"," 750.0000"
"211620054","Beachwood Jacqueline Straight Jeans"," 925.0000"
"211620052","Lexington Destructed Hoxton Ankle Peg Jeans"," 925.0000"
"211620051","White Colette Crop Flare Jeans"," 750.0000"
"211620050","Kingston Lori Crop Wide-Leg Jeans"," 900.0000"
"211620049","White Polly Blouse"," 750.0000"
"211620048","Beachwood Jacqueline Straight Jeans"," 925.0000"
"211620046","Lexington Destructed Hoxton Ankle Peg Jeans"," 925.0000"
"211620044","Beachwood Jacqueline Straight Jeans"," 925.0000"
"211620042","Beachwood Jacqueline Straight Jeans"," 925.0000"
"211620040","Lexington Destructed Hoxton Ankle Peg Jeans"," 925.0000"
"211620038","White Polly Blouse"," 750.0000"
"211620036","Lexington Destructed Hoxton Ankle Peg Jeans"," 925.0000"
"211620035","White Polly Blouse"," 750.0000"
"211620034","Lexington Destructed Hoxton Ankle Peg Jeans"," 925.0000"
"211620033","Kingston Lori Crop Wide-Leg Jeans"," 900.0000"
"211620032","Kingston Lori Crop Wide-Leg Jeans"," 900.0000"
"211620031","White Colette Crop Flare Jeans"," 750.0000"
"211620030","Kingston Lori Crop Wide-Leg Jeans"," 900.0000"
"211620029","Lexington Destructed Hoxton Ankle Peg Jeans"," 925.0000"
"211620028","Beachwood Jacqueline Straight Jeans"," 925.0000"
"211620027","White Kadin Shirt"," 600.0000"
"211620026","Kingston Lori Crop Wide-Leg Jeans"," 900.0000"
"211620025","White Colette Crop Flare Jeans"," 750.0000"
"211620024","Lexington Destructed Hoxton Ankle Peg Jeans"," 925.0000"
"211620022","Beachwood Jacqueline Straight Jeans"," 925.0000"
"211620021","Beachwood Jacqueline Straight Jeans"," 925.0000"
"211620020","White Kadin Shirt"," 600.0000"
"211620019","White Colette Crop Flare Jeans"," 750.0000"
"211620018","Kingston Lori Crop Wide-Leg Jeans"," 900.0000"
"211619990","Midnight Satin Button Pants","2000.0000"
"211619989","White Graphic Trim Cold-Shoulder Blouse","1550.0000"
"211619984","White Graphic Trim Cold-Shoulder Blouse","1550.0000"
"211619983","White Graphic Trim Cold-Shoulder Blouse","1550.0000"
"211619982","White Graphic Trim Cold-Shoulder Blouse","1550.0000"
"211619980","Black Baby Ruffle Cropped Top","2700.0000"
"211619979","Black The Blues A-Line Skirt","6150.0000"
"211619975","Black Baby Ruffle Cropped Top","2700.0000"
"211619962","Black Baby Ruffle Cropped Top","2700.0000"
"211619960","Black Celeste Ruffle-Hem Dress","4100.0000"
"211619956","Indigo Hysteria Cropped Flare Jeans","3000.0000"
"211619953","Black Baby Ruffle Cropped Top","2700.0000"
"211619951","Black Baby Ruffle Cropped Top","2700.0000"
"211619950","Black The Blues A-Line Skirt","6150.0000"
"211619949","Indigo Hysteria Cropped Flare Jeans","3000.0000"
"211619948","Black Celeste Ruffle-Hem Dress","4100.0000"
"211619945","Indigo Hysteria Cropped Flare Jeans","3000.0000"
"211619941","Indigo Hysteria Cropped Flare Jeans","3000.0000"
"211619939","Black Celeste Ruffle-Hem Dress","4100.0000"
"211619937","Indigo Hysteria Cropped Flare Jeans","3000.0000"
"211619936","Black Celeste Ruffle-Hem Dress","4100.0000"
"211619929","Black The Blues A-Line Skirt","6150.0000"
"211619919","Black Celeste Ruffle-Hem Dress","4100.0000"
"211619908","Queen's Teal Printed Asso Kaftan","5400.0000"
"211619907","Kings Fuxia Wallpaper Printed Spence Coat","10300.0000"
"211619905","Queen's Teal Printed Asso Kaftan","5400.0000"
"211619902","White Embroidered Cotton Iven T-Shirt","1450.0000"
"211619899","White Embroidered Cotton Iven T-Shirt","1450.0000"
"211619898","Kings Fuxia Wallpaper Printed Spence Coat","10300.0000"
"211619896","White Bead Embellished Rita Shirt","4350.0000"
"211619893","White Bead Embellished Rita Shirt","4350.0000"
"211619890","White Bead Embellished Rita Shirt","4350.0000"
"211619889","Kings Fuxia Wallpaper Printed Spence Coat","10300.0000"
"211619887","White Bead Embellished Rita Shirt","4350.0000"
"211619882","Surreal Printed Cotton Bowles Skirt","3500.0000"
"211619874","Surreal Printed Cotton Bowles Skirt","3500.0000"
"211619872","White Embroidered Cotton Iven T-Shirt","1450.0000"
"211619869","Queen's Teal Printed Asso Kaftan","5400.0000"
"211619868","Surreal Printed Cotton Bowles Skirt","3500.0000"
"211619866","White Embroidered Cotton Iven T-Shirt","1450.0000"
"211619865","Surreal Printed Cotton Bowles Skirt","3500.0000"
"211619842","Multi-coloured Violante Pants","1600.0000"
"211619837","White Lhamu Top","2450.0000"
"211619821","Multi-coloured Ipomea Coat","6900.0000"
"211619805","Dust-Pink Tuscan Lamb-Fur Sandals","1550.0000"
"211619804","Black Espalmador Glitter Sandals"," 650.0000"
"211619803","Navy Mink-fur and Python Strap Sandals","1950.0000"
"211619802","Dark-Red Raccoon-Fur Sandals","1850.0000"
"211619801","Black Espalmador Glitter Sandals"," 650.0000"
"211619800","Dust-Pink Tuscan Lamb-Fur Sandals","1550.0000"
"211619799","Beige Python & Raccoon-Fur Sandals","1850.0000"
"211619798","Gold Espalmador Glitter Sandals"," 650.0000"
"211619797","Dark-Red Raccoon-Fur Sandals","1850.0000"
"211619796","Black Espalmador Glitter Sandals"," 650.0000"
"211619795","Navy Mink-fur and Python Strap Sandals","1950.0000"
"211619794","Dark-Red Raccoon-Fur Sandals","1850.0000"
"211619793","Gold Espalmador Glitter Sandals"," 650.0000"
"211619792","Dust-Pink Tuscan Lamb-Fur Sandals","1550.0000"
"211619791","Beige Python & Raccoon-Fur Sandals","1850.0000"
"211619790","Gold Espalmador Glitter Sandals"," 650.0000"
"211619789","Dark-Red Raccoon-Fur Sandals","1850.0000"
"211619788","Black Espalmador Glitter Sandals"," 650.0000"
"211619787","Navy Mink-fur and Python Strap Sandals","1950.0000"
"211619786","Beige Python & Raccoon-Fur Sandals","1850.0000"
"211619785","Gold Espalmador Glitter Sandals"," 650.0000"
"211619784","Dust-Pink Tuscan Lamb-Fur Sandals","1550.0000"
"211619783","Beige Python & Raccoon-Fur Sandals","1850.0000"
"211619782","Gold Espalmador Glitter Sandals"," 650.0000"
"211619781","Dust-Pink Tuscan Lamb-Fur Sandals","1550.0000"
"211619780","Black Espalmador Glitter Sandals"," 650.0000"
"211619779","Navy Mink-fur and Python Strap Sandals","1950.0000"
"211619778","Dark-Red Raccoon-Fur Sandals","1850.0000"
"211619777","Gold Espalmador Glitter Sandals"," 650.0000"
"211619776","Dust-Pink Tuscan Lamb-Fur Sandals","1550.0000"
"211619775","Beige Python & Raccoon-Fur Sandals","1850.0000"
"211619774","Navy Mink-fur and Python Strap Sandals","1950.0000"
"211619773","Dark-Red Raccoon-Fur Sandals","1850.0000"
"211619772","Black Espalmador Glitter Sandals"," 650.0000"
"211619771","Navy Mink-fur and Python Strap Sandals","1950.0000"
"211619770","Beige Python & Raccoon-Fur Sandals","1850.0000"
"211619769","Gold Espalmador Glitter Sandals"," 650.0000"
"211619768","Dust-Pink Tuscan Lamb-Fur Sandals","1550.0000"
"211619767","Beige Python & Raccoon-Fur Sandals","1850.0000"
"211619766","Navy Mink-fur and Python Strap Sandals","1950.0000"
"211619765","Dark-Red Raccoon-Fur Sandals","1850.0000"
"211619764","Black Espalmador Glitter Sandals"," 650.0000"
"211619757","Grey Geometric Ankle Boots","2600.0000"
"211619756","Pink Criss-Cross Structural Sandals","3000.0000"
"211619755","Grey Geometric Ankle Boots","2600.0000"
"211619754","Bronze Fusbett Sandals","2900.0000"
"211619753","Grey Geometric Ankle Boots","2600.0000"
"211619752","Pink Criss-Cross Structural Sandals","3000.0000"
"211619751","Pink Criss-Cross Structural Sandals","2600.0000"
"211619750","Pink Criss-Cross Structural Sandals","3000.0000"
"211619749","Grey Geometric Ankle Boots","2600.0000"
"211619748","Black Sling-Back Pumps","2550.0000"
"211619747","Grey Geometric Ankle Boots","2600.0000"
"211619746","Grey Geometric Ankle Boots","2600.0000"
"211619745","Grey Geometric Ankle Boots","2600.0000"
"211619744","Grey Geometric Ankle Boots","2600.0000"
"211619743","Metallic-Silver Sabot Backless Loafers","2200.0000"
"211619742","Grey Geometric Ankle Boots","2600.0000"
"211619741","Grey Geometric Ankle Boots","2600.0000"
"211619014","Black Velvet Palazzo Pants","2250.0000"
"211619009","Black And White Mantella Lhamu Kimono","3650.0000"
"211619000","Multi-coloured Printed Palazzo Pants","2700.0000"
"211618996","Black Milano Pants","1150.0000"
"211618152","White Striped Almeria Shirt"," 975.0000"
"211618150","Monochrome Printed Kenya Tunic","1800.0000"
"211618144","Black Ambrosio Pants","1150.0000"
"211618142","Off-White Kenya Shirt","1400.0000"
"211618136","Dusty-Pink Kenya Tunic","1650.0000"
"211618134","Black Monogram Printed Leon Pants"," 750.0000"
"211618128","Black Lexa Dress","1500.0000"
"211617827","White Cabanne iPhone? 6 Cover","1300.0000"
"211617826","Pink Frances iPhone? 6 Cover","1300.0000"
"211617825","Pink Frances iPhone? 6 Cover","1300.0000"
"211617293","Beige Suede Metermaid Combat Boots","3200.0000"
"211617285","White Pearl & Gem Embellished D?cor Sneakers","2650.0000"
"211617284","Bullet-Metal Exhale Platform Sandals","2450.0000"
"211617282","Black Embellished Suede Morepearls Sandals","2450.0000"
"211617280","Bullet-Metal Exhale Platform Sandals","2450.0000"
"211617279","Bullet-Metal Exhale Platform Sandals","2450.0000"
"211617185","Black Shearling-Trimmed Leather Garrison Slides","1200.0000"
"211616797","Army-Green Ball Chain Trimmed Oversized Parka Coat","7050.0000"
"211616796","Army-Green Ball Chain Trimmed Oversized Parka Coat","7050.0000"
"211616795","Monochrome Micro Check Tweed Peplum Jacket","5150.0000"
"211616794","Army-Green Ball Chain Trimmed Oversized Parka Coat","7050.0000"
"211616663","Bright-Blue Hirsch Jumpsuit","6800.0000"
"211616662","Bright-Blue Hirsch Jumpsuit","6800.0000"
"211616649","Bright-Blue Hirsch Jumpsuit","6800.0000"
"211616646","Bright-Blue Hirsch Jumpsuit","6800.0000"
"211616644","Black Rodmell Top","3500.0000"
"211616634","Beige Striped Dolman Cotton Dress","5150.0000"
"211616633","Blue Tie-Back Cotton Shirt","2000.0000"
"211616632","Plum Karate Pants","3500.0000"
"211616631","Plum Karate Pants","3500.0000"
"211616630","Khaki Ruffled Front Cotton Mermaid Skirt","2500.0000"
"211616629","Blue Striped Ruffled Cotton Blouse","3800.0000"
"211616628","Blue Striped Ruffled Cotton Blouse","3800.0000"
"211616627","Khaki Ruffled Front Cotton Mermaid Skirt","2500.0000"
"211616626","Khaki Karate Pants","2700.0000"
"211616625","Khaki Karate Pants","2700.0000"
"211616624","Beige Striped Dolman Cotton Dress","5150.0000"
"211616623","Blue Tie-Back Cotton Shirt","2000.0000"
"211616622","Black Cotton Sateen Karate Pants","2700.0000"
"211616621","Black Cotton Sateen Karate Pants","2700.0000"
"211616620","Blue Striped Tie-Back Cotton Shirt","2800.0000"
"211616619","Black Tiered Ruffled Top","2400.0000"
"211616618","Black Tiered Ruffled Top","2400.0000"
"211616617","Beige Striped Dolman Cotton Dress","5150.0000"
"211616616","Beige Striped Ruffled Peasant Top","3200.0000"
"211616615","Beige Striped Ruffled Peasant Top","3200.0000"
"211616614","Beige Striped Dolman Cotton Dress","5150.0000"
"211616613","Blue Tie-Back Cotton Shirt","2000.0000"
"211616612","Black Karate Pants","3500.0000"
"211616611","Black Karate Pants","3500.0000"
"211616610","Blue Striped Tie-Back Cotton Shirt","2800.0000"
"211616609","White Ruffled Cotton Blouse","2800.0000"
"211616608","White Ruffled Cotton Blouse","2800.0000"
"211616607","Beige Striped Dolman Cotton Dress","5150.0000"
"211616606","Blue Tie-Back Cotton Shirt","2000.0000"
"211616605","Black Tiered Ruffled Top","2400.0000"
"211616604","Black Tiered Ruffled Top","2400.0000"
"211616603","Blue Striped Tie-Back Cotton Shirt","2800.0000"
"211616602","Beige Striped Ruffled Peasant Top","3200.0000"
"211616601","Beige Striped Ruffled Peasant Top","3200.0000"
"211616600","Blue Striped Tie-Back Cotton Shirt","2800.0000"
"211616599","Black Karate Pants","3500.0000"
"211616598","Black Karate Pants","3500.0000"
"211616597","Khaki Ruffled Front Cotton Mermaid Skirt","2500.0000"
"211616596","White Ruffled Cotton Blouse","2800.0000"
"211616595","White Ruffled Cotton Blouse","2800.0000"
"211616594","Khaki Ruffled Front Cotton Mermaid Skirt","2500.0000"
"211616593","Plum Karate Pants","3500.0000"
"211616592","Plum Karate Pants","3500.0000"
"211616591","Beige Striped Dolman Cotton Dress","5150.0000"
"211616590","Blue Tie-Back Cotton Shirt","2000.0000"
"211616589","Blue Striped Ruffled Cotton Blouse","3800.0000"
"211616588","Blue Striped Ruffled Cotton Blouse","3800.0000"
"211616587","Blue Striped Tie-Back Cotton Shirt","2800.0000"
"211616586","Khaki Karate Pants","2700.0000"
"211616585","Khaki Karate Pants","2700.0000"
"211616584","Blue Striped Tie-Back Cotton Shirt","2800.0000"
"211616583","Black Cotton Sateen Karate Pants","2700.0000"
"211616582","Black Cotton Sateen Karate Pants","2700.0000"
"211616570","Blue Striped Ruffled Sleeveless Top","2400.0000"
"211616569","Blue Striped Ruffled Sleeveless Top","2400.0000"
"211616568","Blue Striped Ruffled Sleeveless Top","2400.0000"
"211616567","Blue Striped Ruffled Sleeveless Top","2400.0000"
"211616566","Pink Tafetta Drindl Skirt","3100.0000"
"211616565","Blue Wrap Skirt","2800.0000"
"211616564","Blue Striped Sleeveless Shirtdress","3200.0000"
"211616563","White Polo Shirtdress","2800.0000"
"211616562","Grey Ruffled Peasant Blouse","2400.0000"
"211616561","Pink Tafetta Drindl Skirt","3100.0000"
"211616560","Blue Wrap Skirt","2800.0000"
"211616559","Blue Striped Sleeveless Shirtdress","3200.0000"
"211616558","White Polo Shirtdress","2800.0000"
"211616557","Grey Ruffled Peasant Blouse","2400.0000"
"211616556","Black & White Printed Belted Shirtdress","3200.0000"
"211616555","Black Printed Karate Pants","2400.0000"
"211616554","Beige Taffeta Ruffled Peasant Blouse","2700.0000"
"211616553","Blue Striped Sleeveless Shirtdress","3200.0000"
"211616551","Black & White Printed Belted Shirtdress","3200.0000"
"211616550","Black Printed Karate Pants","2400.0000"
"211616549","Beige Taffeta Ruffled Peasant Blouse","2700.0000"
"211616548","Blue Striped Sleeveless Shirtdress","3200.0000"
"211616546","Pink Tafetta Drindl Skirt","3100.0000"
"211616544","Black & White Printed Belted Shirtdress","3200.0000"
"211616543","Black Printed Karate Pants","2400.0000"
"211616542","Beige Taffeta Ruffled Peasant Blouse","2700.0000"
"211616541","Pink Tafetta Drindl Skirt","3100.0000"
"211616539","Black & White Printed Belted Shirtdress","3200.0000"
"211616538","Black Printed Karate Pants","2400.0000"
"211616537","Beige Taffeta Ruffled Peasant Blouse","2700.0000"
"211616536","Blue Striped Sleeveless Shirtdress","3200.0000"
"211616535","White Polo Shirtdress","2800.0000"
"211616534","Grey Ruffled Peasant Blouse","2400.0000"
"211616533","Pink Tafetta Drindl Skirt","3100.0000"
"211616532","Blue Wrap Skirt","2800.0000"
"211616531","Blue Striped Sleeveless Shirtdress","3200.0000"
"211616530","White Polo Shirtdress","2800.0000"
"211616529","Grey Ruffled Peasant Blouse","2400.0000"
"211616528","Pink Tafetta Drindl Skirt","3100.0000"
"211616527","Blue Wrap Skirt","2800.0000"
"211616104","Black Leather Over-The-Knee Boots","4650.0000"
"211616103","Black Leather Over-The-Knee Boots","4650.0000"
"211616102","Black Leather Over-The-Knee Boots","4650.0000"
"211616101","Black Leather Lace-Up Mermaid Boxer Sandals","4650.0000"
"211616100","Silver Metallic Square Toe SR1 Mules","3050.0000"
"211616099","Black Leather Lace-Up Mermaid Boxer Sandals","4650.0000"
"211616098","Black Leather Lace-Up Mermaid Boxer Sandals","4650.0000"
"211616097","Silver Metallic Square Toe SR1 Mules","3050.0000"
"211616096","Silver Metallic Square Toe SR1 Loafers","2600.0000"
"211616094","Black Leather Lace-Up Mermaid Boxer Sandals","4650.0000"
"211616093","Black Leather Lace-Up Mermaid Boxer Sandals","4650.0000"
"211616092","Black Leather Over-The-Knee Boots","4650.0000"
"211616089","Black Leather Lace-Up Mermaid Boxer Sandals","4650.0000"
"211616088","Gold Metallic Mermaid Sandals","4000.0000"
"211616087","Silver Metallic Square Toe SR1 Mules","3050.0000"
"211616085","Black Leather Over-The-Knee Boots","4650.0000"
"211616081","Black Leather Lace-Up Mermaid Boxer Sandals","4650.0000"
"211616080","Silver Metallic Square Toe SR1 Loafers","2600.0000"
"211616079","Black Leather Lace-Up Mermaid Boxer Sandals","4650.0000"
"211616078","Black Leather Lace-Up Mermaid Boxer Sandals","4650.0000"
"211616077","Black Leather Lace-Up Mermaid Boxer Sandals","4650.0000"
"211614915","Black Parson Sneakers","1600.0000"
"211613603","White Summer Sheered Pants","1350.0000"
"211605858","Nero Mini Glam Lock Leather Shoulder Bag","6360.0000"
"211605768","Green Embroidered Denim Shorts","1100.0000"
"211605767","Grey Embroidered Uneven Boyfriend Jeans","1500.0000"
"211605766","Grey Eye Embroidered Vintage Crewneck T-Shirt"," 450.0000"
"211605765","Grey Embroidered Uneven Boyfriend Jeans","1500.0000"
"211605764","Grey Eye Embroidered Vintage Crewneck T-Shirt"," 450.0000"
"211605763","Green Embroidered Denim Shorts","1100.0000"
"211605762","Light-Blue Denim Cropped Toas Jacket","1600.0000"
"211605761","Blue Palm Embroidered Denim Shorts","1100.0000"
"211605760","Blue Denim California Embroidered Boyfriend Shirt","1700.0000"
"211605759","Blue Palm Embroidered Denim Shorts","1100.0000"
"211605758","Blue Denim California Embroidered Boyfriend Shirt","1700.0000"
"211605757","Green Embroidered Denim Shorts","1100.0000"
"211605756","Grey Embroidered Uneven Boyfriend Jeans","1500.0000"
"211605755","Blue Denim California Embroidered Boyfriend Shirt","1700.0000"
"211605754","Blue Palm Embroidered Denim Shorts","1100.0000"
"211605753","Grey Eye Embroidered Vintage Crewneck T-Shirt"," 450.0000"
"211605752","Green Embroidered Denim Shorts","1100.0000"
"211605751","Grey Embroidered Uneven Boyfriend Jeans","1500.0000"
"211605750","Blue Denim California Embroidered Boyfriend Shirt","1700.0000"
"211605749","Blue Palm Embroidered Denim Shorts","1100.0000"
"211605748","Grey Eye Embroidered Vintage Crewneck T-Shirt"," 450.0000"
"211605690","Striped Hupa Vintage Crewneck T-Shirt"," 575.0000"
"211605689","Blue Denim Feather Embroidered Boyfriend Shirt","1700.0000"
"211605688","Dark-Blue Denim Cropped Toas Jacket","1600.0000"
"211605687","Dark-Blue Denim Cropped Toas Jacket","1600.0000"
"211605686","Striped Hupa Vintage Crewneck T-Shirt"," 575.0000"
"211605685","Blue Denim Feather Embroidered Boyfriend Shirt","1700.0000"
"211605684","Blue Denim Feather Embroidered Boyfriend Shirt","1700.0000"
"211605683","Dark-Blue Denim Cropped Toas Jacket","1600.0000"
"211605682","Striped Hupa Vintage Crewneck T-Shirt"," 575.0000"
"211605681","Striped Hupa Vintage Crewneck T-Shirt"," 575.0000"
"211605680","Blue Denim Feather Embroidered Boyfriend Shirt","1700.0000"
"211605679","Dark-Blue Denim Cropped Toas Jacket","1600.0000"
"211605547","Grey Embroidered Uneven Boyfriend Jeans","1500.0000"
"211605546","Light-Blue Denim Cropped Toas Jacket","1600.0000"
"211605545","Grey Embroidered Uneven Boyfriend Jeans","1500.0000"
"211605544","Light-Blue Denim Cropped Toas Jacket","1600.0000"
"211605543","Blue Palm Embroidered Denim Shorts","1100.0000"
"211605542","Light-Blue Denim Cropped Toas Jacket","1600.0000"
"211605541","Green Embroidered Denim Shorts","1100.0000"
"211604832","Fire-Red Jagger Dress","2650.0000"
"211604831","Dark-Grey Clemence Maxi Dress","3450.0000"
"211604830","Dove-Grey Cloudy Days Top","1836.2100"
"211604829","Mint-Green Bow-Tie Top","1250.0000"
"211604828","Mint-Green Bow-Tie Top","1290.3100"
"211604827","Khaki-Grey Hello Margaux Skirt","2183.6000"
"211604826","Mint-Green Avedon Days Maxi Skirt","1786.5800"
"211604825","Lemon-Yellow Clemence Maxi Dress","3573.1700"
"211604824","Dove-Grey Cloudy Days Top","1800.0000"
"211604823","White Ushi & Wild Sky Maxi Dress","3126.5200"
"211604822","Lemon-Yellow Clemence Maxi Dress","3573.1700"
"211604821","Khaki-Grey Hello Margaux Skirt","2183.6000"
"211604820","Mint-Green Bow-Tie Top","1250.0000"
"211604819","Mint-Green Avedon Days Maxi Skirt","1786.5800"
"211604818","Olive-green Clemence Maxi Dress","3750.0000"
"211604817","White Ushi & Wild Sky Maxi Dress","3050.0000"
"211604816","Khaki-Grey Hello Margaux Skirt","2183.6000"
"211604815","Fire-Red Jagger Dress","2729.5000"
"211604814","Dove-Grey Cloudy Days Top","1836.2100"
"211604813","Mint-Green Avedon Days Maxi Skirt","1786.5800"
"211604812","Olive-green Clemence Maxi Dress","3870.9300"
"211604811","Dark-Grey Clemence Maxi Dress","3300.0000"
"211603526","Black Velvet Shirtdress","3950.0000"
"211603478","Navy Knit Midi Dress","5500.0000"
"211603470","Black Floral-Print Ruffle Dress","4000.0000"
"211603371","Burgundy Le Smoking Sabot Velvet Slippers","1600.0000"
"211603370","Black Le Sabot Velvet Crystal-bow Slippers","2000.0000"
"211603369","Light-Pink Le Smoking Sabot Slippers","1350.0000"
"211603368","Pearl Grey Le Sabot Crystal Brooch Slippers","1950.0000"
"211603367","Pink Le Sabot Crystal Brooch Slippers","1950.0000"
"211603366","Light-Pink Le Smoking Sabot Slippers","1350.0000"
"211603365","Light-Pink Le Smoking Sabot Slippers","1350.0000"
"211603364","Pearl Grey Le Sabot Crystal Brooch Slippers","1950.0000"
"211603363","Pink Le Sabot Crystal Brooch Slippers","1950.0000"
"211603362","Light-Pink Le Smoking Sabot Slippers","1350.0000"
"211603361","Light-Pink Le Smoking Sabot Slippers","1350.0000"
"211603360","Pearl Grey Le Sabot Crystal Brooch Slippers","1950.0000"
"211603359","Pink Le Sabot Crystal Brooch Slippers","1950.0000"
"211603358","Black Le Sabot Velvet Crystal-bow Slippers","2000.0000"
"211603357","Pink Le Sabot Crystal Brooch Slippers","1950.0000"
"211603356","Black Le Sabot Velvet Crystal-bow Slippers","2000.0000"
"211603355","Burgundy Le Smoking Sabot Velvet Slippers","1600.0000"
"211603354","Pearl Grey Le Sabot Crystal Brooch Slippers","1950.0000"
"211603353","Burgundy Le Smoking Sabot Velvet Slippers","1600.0000"
"211603352","Black Le Sabot Velvet Crystal-bow Slippers","2000.0000"
"211603351","Pink Le Sabot Crystal Brooch Slippers","1950.0000"
"211603350","Pearl Grey Le Sabot Crystal Brooch Slippers","1950.0000"
"211603349","Burgundy Le Smoking Sabot Velvet Slippers","1600.0000"
"211603348","Black Le Sabot Velvet Crystal-bow Slippers","2000.0000"
"211603347","Burgundy Le Smoking Sabot Velvet Slippers","1600.0000"
"211603346","Pearl Grey Le Sabot Crystal Brooch Slippers","1950.0000"
"211603345","Burgundy Le Smoking Sabot Velvet Slippers","1600.0000"
"211603344","Black Le Sabot Velvet Crystal-bow Slippers","2000.0000"
"211603343","Pink Le Sabot Crystal Brooch Slippers","1950.0000"
"211603342","Light-Pink Le Smoking Sabot Slippers","1350.0000"
"211602683","Black Butterfly-Print Shirt","4350.0000"
"211602680","Black Butterfly-Print Shirt","4350.0000"
"211602668","Black Butterfly-Print Shirt","4350.0000"
"211602661","Pink Floral-Jacquard Jacket","15600.0000"
"211602656","Pink Floral-Jacquard Jacket","15600.0000"
"211602653","Black Butterfly-Print Shirt","4350.0000"
"211602641","Pink Floral-Jacquard Jacket","15600.0000"
"211599399","Georgia's Garden Printed Silk-Chiffon Dress","2515.0000"
"211599396","White Smocked-Detail Cotton Shirtdress","1250.0000"
"211599363","White & Bordeaux Low-Top Superstar Sneakers","1550.0000"
"211599362","Leopard Printed & Red Glitter Star Low-Top Superstar Sneakers","1750.0000"
"211599361","Gold Metallic Low-Top Superstar Sneakers","1650.0000"
"211599360","White Shimmer Low-Top Superstar Sneakers","1650.0000"
"211599359","White & Bordeaux Low-Top Superstar Sneakers","1550.0000"
"211599358","Leopard Printed & Red Glitter Star Low-Top Superstar Sneakers","1750.0000"
"211599357","Gold Metallic Low-Top Superstar Sneakers","1650.0000"
"211599356","White & Silver High-Top Slide Sneakers","1650.0000"
"211599355","White & Silver High-Top Slide Sneakers","1650.0000"
"211599353","White & Burgundy Low-Top Superstar Sneakers","1600.0000"
"211599351","White & Blue Low-Top Superstar Sneakers","1750.0000"
"211599349","White & Burgundy Low-Top Superstar Sneakers","1600.0000"
"211599347","White & Blue Low-Top Superstar Sneakers","1750.0000"
"211599346","White & Silver High-Top Slide Sneakers","1650.0000"
"211599344","White & Bordeaux Low-Top Superstar Sneakers","1550.0000"
"211599342","White & Silver High-Top Slide Sneakers","1650.0000"
"211599341","White & Military Green Low-Top Superstar Sneakers","1550.0000"
"211599340","White & Burgundy Low-Top Superstar Sneakers","1600.0000"
"211599338","White Shimmer Low-Top Superstar Sneakers","1650.0000"
"211599337","White & Military Green Low-Top Superstar Sneakers","1550.0000"
"211599336","Leopard Printed & Red Glitter Star Low-Top Superstar Sneakers","1750.0000"
"211599335","Gold Metallic Low-Top Superstar Sneakers","1650.0000"
"211599334","White & Blue Low-Top Superstar Sneakers","1750.0000"
"211599332","White & Bordeaux Low-Top Superstar Sneakers","1550.0000"
"211599330","White & Blue Low-Top Superstar Sneakers","1750.0000"
"211599329","White & Silver High-Top Slide Sneakers","1650.0000"
"211599328","White Shimmer Low-Top Superstar Sneakers","1650.0000"
"211599327","White & Military Green Low-Top Superstar Sneakers","1550.0000"
"211599326","White & Burgundy Low-Top Superstar Sneakers","1600.0000"
"211599325","Gold Metallic Low-Top Superstar Sneakers","1650.0000"
"211599324","White Shimmer Low-Top Superstar Sneakers","1650.0000"
"211599323","White & Military Green Low-Top Superstar Sneakers","1550.0000"
"211599322","White & Burgundy Low-Top Superstar Sneakers","1600.0000"
"211599320","White & Silver High-Top Slide Sneakers","1650.0000"
"211599319","White & Military Green Low-Top Superstar Sneakers","1550.0000"
"211599318","White & Burgundy Low-Top Superstar Sneakers","1600.0000"
"211599316","White & Blue Low-Top Superstar Sneakers","1750.0000"
"211599315","White Shimmer Low-Top Superstar Sneakers","1650.0000"
"211599314","White & Bordeaux Low-Top Superstar Sneakers","1550.0000"
"211599313","Leopard Printed & Red Glitter Star Low-Top Superstar Sneakers","1750.0000"
"211599312","Gold Metallic Low-Top Superstar Sneakers","1650.0000"
"211599311","White Shimmer Low-Top Superstar Sneakers","1650.0000"
"211599310","White & Military Green Low-Top Superstar Sneakers","1550.0000"
"211599309","Leopard Printed & Red Glitter Star Low-Top Superstar Sneakers","1750.0000"
"211599308","Gold Metallic Low-Top Superstar Sneakers","1650.0000"
"211599307","White Shimmer Low-Top Superstar Sneakers","1650.0000"
"211599306","White & Military Green Low-Top Superstar Sneakers","1550.0000"
"211599305","White & Burgundy Low-Top Superstar Sneakers","1600.0000"
"211599304","Gold Metallic Low-Top Superstar Sneakers","1650.0000"
"211599303","White & Silver High-Top Slide Sneakers","1650.0000"
"211599301","White & Bordeaux Low-Top Superstar Sneakers","1550.0000"
"211599300","Leopard Printed & Red Glitter Star Low-Top Superstar Sneakers","1750.0000"
"211599299","White & Blue Low-Top Superstar Sneakers","1750.0000"
"211599297","White & Bordeaux Low-Top Superstar Sneakers","1550.0000"
"211599296","Leopard Printed & Red Glitter Star Low-Top Superstar Sneakers","1750.0000"
"211599295","White & Blue Low-Top Superstar Sneakers","1750.0000"
"211597104","Olive-Green Articulated Army Pants","2500.0000"
"211597101","Onyx Ball Chain Hem Peplum Shift Dress","4700.0000"
"211597098","Onyx Barcode Oversized Sweatshirt","2850.0000"
"211597095","Black Ball Chain Embellished Ruffled Hem Top","2350.0000"
"211597094","Onyx Ruffled Ball Chain Hem Skirt","2350.0000"
"211597091","Black Ball Chain Embellished Ruffled Hem Top","2350.0000"
"211597090","Black Ball Chain Embellished Ruffled Hem Top","2350.0000"
"211597085","Onyx Ruffled Ball Chain Hem Skirt","2350.0000"
"211597084","Olive-Green Articulated Army Pants","2500.0000"
"211597083","Black Ball Chain Embellished Ruffled Hem Top","2350.0000"
"211597082","Onyx Barcode Oversized Sweatshirt","2850.0000"
"211597081","Onyx Barcode Oversized Sweatshirt","2850.0000"
"211597080","Onyx Ruffled Ball Chain Hem Skirt","2350.0000"
"211597077","Monochrome Micro Check Tweed Peplum Jacket","5150.0000"
"211597075","Olive-Green Articulated Army Pants","2500.0000"
"211597074","Olive-Green Articulated Army Pants","2500.0000"
"211597073","Monochrome Micro Check Tweed Peplum Jacket","5150.0000"
"211597072","Onyx Barcode Oversized Sweatshirt","2850.0000"
"211597067","Onyx Ruffled Ball Chain Hem Skirt","2350.0000"
"211597062","Onyx Ball Chain Hem Peplum Shift Dress","4700.0000"
"211597057","Onyx Ball Chain Hem Peplum Shift Dress","4700.0000"
"211597055","Onyx Ball Chain Hem Peplum Shift Dress","4700.0000"
"211597053","Olive-Green Articulated Army Pants","2500.0000"
"211597048","Onyx Ball Chain Hem Peplum Shift Dress","4700.0000"
"211596945","Monochrome Micro Check Tweed Peplum Jacket","5150.0000"
"211596940","Monochrome Micro Check Tweed Peplum Jacket","5150.0000"
"211596920","Gold Aija Tiered Dress","1000.0000"
"211596919","Navy Neci Striped Pants"," 850.0000"
"211596918","White Neena Striped Pants"," 750.0000"
"211596917","Red Sevita Lace Skirt"," 725.0000"
"211596916","Gold Sakuko Pleated Skirt"," 850.0000"
"211596915","Red Mahuru Lace T-Shirt"," 725.0000"
"211596914","Green Cascadia Metallic-Knit Top"," 850.0000"
"211596913","White Alisha Stripe & Ruffle Dress","1100.0000"
"211596912","Navy Corine Flared Pants"," 875.0000"
"211596911","Navy Birkita Double-Breasted Jacket","1150.0000"
"211596910","Pastel-Blue Alexandrina Maxi Shirtdress","1550.0000"
"211596909","Nude-Pink Maribel Blouse","1100.0000"
"211596908","Navy Jadiran Track Jacket"," 800.0000"
"211596907","Navy Minidot Dress","1150.0000"
"211596906","Gold Aija Tiered Dress","1000.0000"
"211596905","Navy Bethia Striped Blazer","1000.0000"
"211596904","Cream Alexandrina Maxi Shirtdress","1550.0000"
"211596903","Green Cascadia Metallic-Knit Top"," 850.0000"
"211596902","Off-White Alev Lace T-Shirt Dress"," 875.0000"
"211596901","Off-White Mahuru Lace T-Shirt"," 725.0000"
"211596900","Green Cascadia Metallic-Knit Top"," 850.0000"
"211596899","Navy Jaice Track Pants"," 675.0000"
"211596898","Cream Mayoko Paisley-Print Shirt"," 750.0000"
"211596897","White Martina Pony-Print Shirt"," 675.0000"
"211596896","Cream Alexandrina Maxi Shirtdress","1550.0000"
"211596895","Cream Mayoko Paisley-Print Shirt"," 750.0000"
"211596894","Navy Caitrin Nautical Knit Sweater"," 675.0000"
"211596893","Cream Alexandrina Maxi Shirtdress","1550.0000"
"211596892","Navy Jaice Track Pants"," 675.0000"
"211596891","Navy Nerina Wide-Leg Pants"," 800.0000"
"211596890","Cream Jacoba Cropped Pants"," 850.0000"
"211596889","Navy Corine Flared Pants"," 875.0000"
"211596888","Navy Nerina Wide-Leg Pants"," 800.0000"
"211596887","Cream Alexandrina Maxi Shirtdress","1550.0000"
"211596886","Navy Bethia Striped Blazer","1000.0000"
"211596885","Navy Jaice Track Pants"," 675.0000"
"211596884","Off-White Mahuru Lace T-Shirt"," 725.0000"
"211596883","Navy Corine Flared Pants"," 875.0000"
"211596882","Cream Jacoba Cropped Pants"," 850.0000"
"211596881","Green Cascadia Metallic-Knit Top"," 850.0000"
"211596880","White Aino Striped Dress"," 750.0000"
"211596879","Cream Alexandrina Maxi Shirtdress","1550.0000"
"211596878","Navy Jadiran Track Jacket"," 800.0000"
"211596877","Pastel-Blue Alexandrina Maxi Shirtdress","1550.0000"
"211596876","White Martina Pony-Print Shirt"," 675.0000"
"211596875","Navy Jaice Track Pants"," 675.0000"
"211596874","White Alisha Stripe & Ruffle Dress","1100.0000"
"211596873","White Alisha Stripe & Ruffle Dress","1100.0000"
"211596872","Gold Sakuko Pleated Skirt"," 850.0000"
"211596871","Navy Caitrin Nautical Knit Sweater"," 675.0000"
"211596870","White Neena Striped Pants"," 750.0000"
"211596869","Nude-Pink Maribel Blouse","1100.0000"
"211596868","Red Mahuru Lace T-Shirt"," 725.0000"
"211596867","Gold Aija Tiered Dress","1000.0000"
"211596866","Nude-Pink Maribel Blouse","1100.0000"
"211596865","Navy Neci Striped Pants"," 850.0000"
"211596864","Navy Minidot Dress","1150.0000"
"211596863","Navy Nerina Wide-Leg Pants"," 800.0000"
"211596862","Navy Jaice Track Pants"," 675.0000"
"211596861","Navy Bethia Striped Blazer","1000.0000"
"211596860","Navy Neci Striped Pants"," 850.0000"
"211596859","White Martina Pony-Print Shirt"," 675.0000"
"211596858","Navy Birkita Double-Breasted Jacket","1150.0000"
"211596857","Cream Mayoko Paisley-Print Shirt"," 750.0000"
"211596856","White Aino Striped Dress"," 750.0000"
"211596855","Navy Nerina Wide-Leg Pants"," 800.0000"
"211596854","White Aino Striped Dress"," 750.0000"
"211596853","White Alisha Stripe & Ruffle Dress","1100.0000"
"211596852","Off-White Alev Lace T-Shirt Dress"," 875.0000"
"211596851","Pastel-Blue Alexandrina Maxi Shirtdress","1550.0000"
"211596850","Gold Sakuko Pleated Skirt"," 850.0000"
"211596849","Cream Alexandrina Maxi Shirtdress","1550.0000"
"211596848","Navy Nerina Wide-Leg Pants"," 800.0000"
"211596647","Pastel-Blue Alexandrina Maxi Shirtdress","1550.0000"
"211596646","Cream Mayoko Paisley-Print Shirt"," 750.0000"
"211596645","Gold Sakuko Pleated Skirt"," 850.0000"
"211596644","Pastel-Blue Alexandrina Maxi Shirtdress","1550.0000"
"211596643","White Aino Striped Dress"," 750.0000"
"211596642","White Alisha Stripe & Ruffle Dress","1100.0000"
"211596641","Navy Jadiran Track Jacket"," 800.0000"
"211596640","Red Sevita Lace Skirt"," 725.0000"
"211596639","Navy Minidot Dress","1150.0000"
"211596638","Navy Neci Striped Pants"," 850.0000"
"211596637","White Martina Pony-Print Shirt"," 675.0000"
"211596636","Cream Jacoba Cropped Pants"," 850.0000"
"211596635","Navy Minidot Dress","1150.0000"
"211596634","Cream Jacoba Cropped Pants"," 850.0000"
"211596633","Nude-Pink Maribel Blouse","1100.0000"
"211596632","Red Sevita Lace Skirt"," 725.0000"
"211596631","Navy Corine Flared Pants"," 875.0000"
"211596630","Gold Aija Tiered Dress","1000.0000"
"211596629","Cream Mayoko Paisley-Print Shirt"," 750.0000"
"211596628","Nude-Pink Maribel Blouse","1100.0000"
"211596627","Red Sevita Lace Skirt"," 725.0000"
"211596626","Off-White Mahuru Lace T-Shirt"," 725.0000"
"211596625","Navy Caitrin Nautical Knit Sweater"," 675.0000"
"211596624","Navy Neci Striped Pants"," 850.0000"
"211596623","Navy Birkita Double-Breasted Jacket","1150.0000"
"211596622","Navy Minidot Dress","1150.0000"
"211596621","Navy Bethia Striped Blazer","1000.0000"
"211596620","Green Cascadia Metallic-Knit Top"," 850.0000"
"211596619","Off-White Alev Lace T-Shirt Dress"," 875.0000"
"211596618","Red Sevita Lace Skirt"," 725.0000"
"211596617","Navy Bethia Striped Blazer","1000.0000"
"211596616","Red Mahuru Lace T-Shirt"," 725.0000"
"211596615","Off-White Alev Lace T-Shirt Dress"," 875.0000"
"211596614","Navy Birkita Double-Breasted Jacket","1150.0000"
"211596613","Pastel-Blue Alexandrina Maxi Shirtdress","1550.0000"
"211596612","White Alisha Stripe & Ruffle Dress","1100.0000"
"211596611","Off-White Mahuru Lace T-Shirt"," 725.0000"
"211596610","Navy Caitrin Nautical Knit Sweater"," 675.0000"
"211596609","Off-White Mahuru Lace T-Shirt"," 725.0000"
"211596608","Navy Minidot Dress","1150.0000"
"211596607","White Neena Striped Pants"," 750.0000"
"211596606","White Aino Striped Dress"," 750.0000"
"211596605","Gold Sakuko Pleated Skirt"," 850.0000"
"211596604","Red Mahuru Lace T-Shirt"," 725.0000"
"211596603","Navy Caitrin Nautical Knit Sweater"," 675.0000"
"211596602","White Martina Pony-Print Shirt"," 675.0000"
"211596601","Cream Jacoba Cropped Pants"," 850.0000"
"211596600","Navy Jadiran Track Jacket"," 800.0000"
"211596599","Navy Jadiran Track Jacket"," 800.0000"
"211596598","Navy Nerina Wide-Leg Pants"," 800.0000"
"211596597","White Neena Striped Pants"," 750.0000"
"211596596","Gold Aija Tiered Dress","1000.0000"
"211596595","White Neena Striped Pants"," 750.0000"
"211596594","Off-White Mahuru Lace T-Shirt"," 725.0000"
"211596593","Red Mahuru Lace T-Shirt"," 725.0000"
"211596592","Red Mahuru Lace T-Shirt"," 725.0000"
"211596591","Navy Bethia Striped Blazer","1000.0000"
"211596421","Georgia's Garden Printed Silk-Chiffon Dress","2515.0000"
"211596420","Cream Ruffled Long Sleeved Top","1270.0000"
"211596418","Blue Floral Printed Ruffled Silk Top","1500.0000"
"211596417","Brick-Red Floral Applique Velvet Sweatshirt","1045.0000"
"211596414","Floral Printed Ruffled Silk Top","1245.0000"
"211596413","Georgia's Garden Printed Silk-Chiffon Dress","2515.0000"
"211596410","Georgia's Garden Printed Ruffled Kaftan Dress","2240.0000"
"211596406","Blue Floral Printed Ruffled Silk Top","1500.0000"
"211596402","Blue Floral Printed Ruffled Silk Top","1500.0000"
"211596400","Floral Printed Ruffled Silk Top","1245.0000"
"211596399","Cream Ruffled Long Sleeved Top","1270.0000"
"211596395","Georgia's Garden Printed Silk-Chiffon Dress","2515.0000"
"211596392","Floral Printed Ruffled Silk Top","1245.0000"
"211596391","Cream Ruffled Long Sleeved Top","1270.0000"
"211596389","Blue Floral Printed Ruffled Silk Top","1500.0000"
"211596387","Cream Ruffled Long Sleeved Top","1270.0000"
"211596385","Blue Floral Printed Ruffled Silk Top","1500.0000"
"211596384","Striped Cotton-Blend Cape","2500.0000"
"211596383","Cream Ruffled Long Sleeved Top","1270.0000"
"211596379","Georgia's Garden Printed Silk-Chiffon Dress","2515.0000"
"211596376","Georgia's Garden Printed Ruffled Kaftan Dress","2240.0000"
"211596375","Striped Cotton-Blend Cape","2500.0000"
"211596373","Floral Printed Ruffled Silk Top","1245.0000"
"211596372","Georgia's Garden Printed Silk-Chiffon Dress","2515.0000"
"211596369","White Smocked-Detail Cotton Shirtdress","1470.0000"
"211596368","Georgia's Garden Printed Ruffled Kaftan Dress","2240.0000"
"211596364","Georgia's Garden Printed Ruffled Kaftan Dress","2240.0000"
"211596363","Brick-Red Floral Applique Velvet Sweatshirt","1045.0000"
"211596362","Brick-Red Floral Applique Velvet Sweatshirt","1045.0000"
"211596360","Georgia's Garden Printed Ruffled Kaftan Dress","2240.0000"
"211596358","Brick-Red Floral Applique Velvet Sweatshirt","1045.0000"
"211596355","White Smocked-Detail Cotton Shirtdress","1470.0000"
"211596351","Floral Printed Ruffled Silk Top","1245.0000"
"211596147","White Smocked-Detail Cotton Shirtdress","1470.0000"
"211596144","Brick-Red Floral Applique Velvet Sweatshirt","1045.0000"
"211596143","White Smocked-Detail Cotton Shirtdress","1470.0000"
"211596139","White Smocked-Detail Cotton Shirtdress","1470.0000"
"211596031","Black Velvet Pointy Pumps","2300.0000"
"211596028","Grey Platform Leather Sneakers","1750.0000"
"211596026","Red Velvet Horn Heel Sandals","2950.0000"
"211596025","Grey Platform Leather Sneakers","1750.0000"
"211596015","Sand Single Breasted Shawl Collar Vest","3750.0000"
"211596013","Onyx Single Breasted Shawl Collar Vest","3750.0000"
"211596011","Onyx Tailored Trackpants","2500.0000"
"211596008","Onyx Crewneck Ball Chain Cuff Top","3050.0000"
"211596005","Sand Single Breasted Shawl Collar Vest","3750.0000"
"211596004","Eggshell Ball Chain Hem Ribbed Cropped Top","2100.0000"
"211596001","Onyx Tailored Trackpants","2500.0000"
"211596000","Gravel Ball Chain Trimmed Bathrobe Coat","8000.0000"
"211595999","Onyx Single Breasted Shawl Collar Vest","3750.0000"
"211595993","Gravel Ball Chain Trimmed Bathrobe Coat","8000.0000"
"211595991","Onyx Crewneck Ball Chain Cuff Top","3050.0000"
"211595990","Eggshell Ball Chain Printed Cropped Silk Shirt","2600.0000"
"211595988","Eggshell Ball Chain Printed Cropped Silk Shirt","2600.0000"
"211595979","Onyx Crewneck Ball Chain Cuff Top","3050.0000"
"211595978","Onyx Single Breasted Shawl Collar Vest","3750.0000"
"211595975","Sand Single Breasted Shawl Collar Vest","3750.0000"
"211595969","Eggshell Ball Chain Hem Ribbed Cropped Top","2100.0000"